User ID,Filename,Camera View,Activity Type,Start Time,End Time,Label/Class ID,Appearance Block
24491,Rightside_window_user_id_24491_1,Rightside_window,Distracted Behavior,0:00,0:17,N/A,Hat
,,Rightside_window,Distracted Behavior,0:18,0:45,3,Hat
,,Rightside_window,Distracted Behavior,0:45,0:54,14,Hat
,,Rightside_window,Distracted Behavior,1:14,1:45,2,Hat
,,Rightside_window,Distracted Behavior,1:53,1:57,8,Hat
,,Rightside_window,Distracted Behavior,2:17,2:46,5,Hat
,,Rightside_window,Distracted Behavior,2:53,2:57,11,Hat
,,Rightside_window,Distracted Behavior,3:16,3:47,17,Hat
,,Rightside_window,Distracted Behavior,3:54,3:59,7,Hat
,,Rightside_window,Distracted Behavior,4:22,4:34,15,Hat
,,Rightside_window,Distracted Behavior,4:45,4:49,9,Hat
,,Rightside_window,Distracted Behavior,5:03,5:18,0,Hat
,,Rightside_window,Distracted Behavior,5:56,6:04,4,Hat
,,Rightside_window,Distracted Behavior,6:26,6:39,1,Hat
,,Rightside_window,Distracted Behavior,6:51,6:54,10,Hat
,,Rightside_window,Distracted Behavior,7:24,7:39,16,Hat
,,Rightside_window,Distracted Behavior,8:06,8:35,6,Hat
,,Rightside_window,Distracted Behavior,8:36,8:44,12,Hat
,,Rightside_window,Distracted Behavior,9:04,9:12,13,Hat
,Rightside_window_user_id_24491_0,Rightside_window,Distracted Behavior,0:00,2:00,N/A,No
,,Rightside_window,Distracted Behavior,2:06,2:26,3,No
,,Rightside_window,Distracted Behavior,2:51,3:28,2,No
,,Rightside_window,Distracted Behavior,3:32,3:36,8,No
,,Rightside_window,Distracted Behavior,3:53,4:25,5,No
,,Rightside_window,Distracted Behavior,4:28,4:34,11,No
,,Rightside_window,Distracted Behavior,4:53,5:22,17,No
,,Rightside_window,Distracted Behavior,5:32,5:36,7,No
,,Rightside_window,Distracted Behavior,5:58,6:26,15,No
,,Rightside_window,Distracted Behavior,6:31,7:02,9,No
,,Rightside_window,Distracted Behavior,7:03,7:30,0,No
,,Rightside_window,Distracted Behavior,7:33,7:49,4,No
,,Rightside_window,Distracted Behavior,8:00,8:20,1,No
,,Rightside_window,Distracted Behavior,8:25,8:29,10,No
,,Rightside_window,Distracted Behavior,9:14,9:39,16,No
,,Rightside_window,Distracted Behavior,9:41,10:05,6,No
,,Rightside_window,Distracted Behavior,10:06,10:25,12,No
,,Rightside_window,Distracted Behavior,10:38,10:50,13,No
,Rear_view_user_id_24491_0,Rear_view,Distracted Behavior,0:00,2:00,N/A,No
,,Rear_view,Distracted Behavior,2:06,2:26,3,No
,,Rear_view,Distracted Behavior,2:51,3:28,2,No
,,Rear_view,Distracted Behavior,3:32,3:36,8,No
,,Rear_view,Distracted Behavior,3:53,4:25,5,No
,,Rear_view,Distracted Behavior,4:28,4:34,11,No
,,Rear_view,Distracted Behavior,4:53,5:22,17,No
,,Rear_view,Distracted Behavior,5:32,5:36,7,No
,,Rear_view,Distracted Behavior,5:58,6:26,15,No
,,Rear_view,Distracted Behavior,6:31,7:02,9,No
,,Rear_view,Distracted Behavior,7:03,7:30,0,No
,,Rear_view,Distracted Behavior,7:33,7:49,4,No
,,Rear_view,Distracted Behavior,8:00,8:20,1,No
,,Rear_view,Distracted Behavior,8:25,8:29,10,No
,,Rear_view,Distracted Behavior,9:14,9:39,16,No
,,Rear_view,Distracted Behavior,9:41,10:05,6,No
,,Rear_view,Distracted Behavior,10:06,10:25,12,No
,,Rear_view,Distracted Behavior,10:38,10:50,13,No
,Rear_view_user_id_24491_1,Rear_view,Distracted Behavior,0:00,0:17,N/A,Hat
,,Rear_view,Distracted Behavior,0:18,0:45,3,Hat
,,Rear_view,Distracted Behavior,0:45,0:54,14,Hat
,,Rear_view,Distracted Behavior,1:14,1:45,2,Hat
,,Rear_view,Distracted Behavior,1:53,1:57,8,Hat
,,Rear_view,Distracted Behavior,2:17,2:46,5,Hat
,,Rear_view,Distracted Behavior,2:53,2:57,11,Hat
,,Rear_view,Distracted Behavior,3:16,3:47,17,Hat
,,Rear_view,Distracted Behavior,3:54,3:59,7,Hat
,,Rear_view,Distracted Behavior,4:22,4:34,15,Hat
,,Rear_view,Distracted Behavior,4:45,4:49,9,Hat
,,Rear_view,Distracted Behavior,5:03,5:18,0,Hat
,,Rear_view,Distracted Behavior,5:56,6:04,4,Hat
,,Rear_view,Distracted Behavior,6:26,6:39,1,Hat
,,Rear_view,Distracted Behavior,6:51,6:54,10,Hat
,,Rear_view,Distracted Behavior,7:24,7:39,16,Hat
,,Rear_view,Distracted Behavior,8:06,8:35,6,Hat
,,Rear_view,Distracted Behavior,8:36,8:44,12,Hat
,,Rear_view,Distracted Behavior,9:04,9:12,13,Hat
,Dashboard_user_id_24491_0,Dashboard,Distracted Behavior,0:00,2:00,N/A,No
,,Dashboard,Distracted Behavior,2:06,2:26,3,No
,,Dashboard,Distracted Behavior,2:51,3:28,2,No
,,Dashboard,Distracted Behavior,3:32,3:36,8,No
,,Dashboard,Distracted Behavior,3:53,4:25,5,No
,,Dashboard,Distracted Behavior,4:28,4:34,11,No
,,Dashboard,Distracted Behavior,4:53,5:22,17,No
,,Dashboard,Distracted Behavior,5:32,5:36,7,No
,,Dashboard,Distracted Behavior,5:58,6:26,15,No
,,Dashboard,Distracted Behavior,6:31,7:02,9,No
,,Dashboard,Distracted Behavior,7:03,7:30,0,No
,,Dashboard,Distracted Behavior,7:33,7:49,4,No
,,Dashboard,Distracted Behavior,8:00,8:20,1,No
,,Dashboard,Distracted Behavior,8:25,8:29,10,No
,,Dashboard,Distracted Behavior,9:14,9:39,16,No
,,Dashboard,Distracted Behavior,9:41,10:05,6,No
,,Dashboard,Distracted Behavior,10:06,10:25,12,No
,,Dashboard,Distracted Behavior,10:38,10:50,13,No
,Dashboard_user_id_24491_1,Dashboard,Distracted Behavior,0:00,0:17,N/A,Hat
,,Dashboard,Distracted Behavior,0:18,0:45,3,Hat
,,Dashboard,Distracted Behavior,0:45,0:54,14,Hat
,,Dashboard,Distracted Behavior,1:14,1:45,2,Hat
,,Dashboard,Distracted Behavior,1:53,1:57,8,Hat
,,Dashboard,Distracted Behavior,2:17,2:46,5,Hat
,,Dashboard,Distracted Behavior,2:53,2:57,11,Hat
,,Dashboard,Distracted Behavior,3:16,3:47,17,Hat
,,Dashboard,Distracted Behavior,3:54,3:59,7,Hat
,,Dashboard,Distracted Behavior,4:22,4:34,15,Hat
,,Dashboard,Distracted Behavior,4:45,4:49,9,Hat
,,Dashboard,Distracted Behavior,5:03,5:18,0,Hat
,,Dashboard,Distracted Behavior,5:56,6:04,4,Hat
,,Dashboard,Distracted Behavior,6:26,6:39,1,Hat
,,Dashboard,Distracted Behavior,6:51,6:54,10,Hat
,,Dashboard,Distracted Behavior,7:24,7:39,16,Hat
,,Dashboard,Distracted Behavior,8:06,8:35,6,Hat
,,Dashboard,Distracted Behavior,8:36,8:44,12,Hat
,,Dashboard,Distracted Behavior,9:04,9:12,13,Hat
